"param","S","ST"
"P1","0.11%","0.34%"
"hp","0.00%","0.00%"
"ou","0.00%","0.00%"
"no","0.00%","0.00%"
"to","0.00%","0.00%"
"NI","0.00%","0.00%"
"alpha1","0.00%","0.00%"
"alpha2","0.00%","0.00%"
"P2L","0.00%","0.00%"
"P3","0.00%","0.00%"
"P4","0.00%","0.00%"
"pcL","0.00%","0.00%"
"prL","0.00%","0.00%"
"Pus","0.00%","0.00%"
"Psm","0.00%","0.00%"
"Pm","0.00%","0.00%"
"Mp","0.00%","0.00%"
"Nm","0.00%","0.00%"
"Qim","0.00%","0.00%"
"alpha1p","0.00%","0.00%"
"alpha2p","0.00%","0.00%"
"P2P","0.00%","0.00%"
"pcP","0.00%","0.00%"
"PRp","0.00%","0.00%"
